Arbre;Davidia;Dattier;Noyer;Acacia
Prenom;Didier;Agnes;Damien;David;Sonia;Luna;Emeline;Mathéo;Clemence;Matthieu;Nathan;Loïc;Julie;Juliette;Camille;Florentin;Francine;Carole;Mathieu;Paul:Remi;Amber;Amelie;Batiste;Bastien;Clementine;Didier;Eymma;Florentine;Flore;Gaspard;Hugo;Hugues;Irma;Karole;Coraline;Kilian;Lola;Lea;Manon;Noemie;Ophelie;Emma;Pauline;Pedro;Quentin;Sarah;Stephanie;Tony;Tom;Thomas;Ugo;Ursula;Virginie;Valerie;Yannis;William;Wendy;Warren;Walid;Willy;Xavier;Zelie;Remi;urgo
Pays;Italie;Islande;LITUANIE;LITUANIE;Belgique;barbade;Tunisie;Turquie;Liban;Lettonie;Mongolie;Danemark;Dominique
Ville;Amiens;Arzon;Istanbul;Brest;bagdad;Jancigny;Londres;Lagos;Cannes
Marque;Adidas;Adobe;Zara;Sodebo;Lacoste;Domino's;Dacia;X;u
Objets;Image;Imprimante;Jupe;Soliflore;Theiere;Lune;Lampadaire;Manteau;Coussin;De;Dague
Legumes;egumes;Igname;Courge;Igname;Courgette;Tomate;Betterave;Salsifi;Taro;Tetragone;Concombre;Blette
Animal;Araigniée;Aigle;Narval;Otarie;Jaguar;Tigre;Tetard;Carcassin;Dodo;Dalmacien;ureb;urt
Langues;Français;Anglais;Allemand;Espagnol
Fleuve;Uruguayee;Loire
Fruits;Pomme;Tomate;Fraise;Banane;banane;Mangue;unique;unifertezqsd
Boisson;Desperados;Dada;Fustea;Red Bull
Personnage historique;NAPOLEON;Galimede
Objet odorant;NOUGAT;Gateau;Acacia;Ananas
Element chimique;Gallium;Fluor
Fleur;Jacinthe;Safran;Tanaisie;Tabac glauque;Lilas;Camomille;uqsf
